Date,MachineID,MachineType,OperatorID,MaterialType,Shift,OperatorEfficiency,Downtime(min),Errors,Energy(kWh),UnitsProduced
2025-11-01,A,Lathe,Op3,Steel,Day,0.785,19,7,277.8,797
2025-11-01,A,Lathe,Op3,Steel,Evening,0.775,23,6,331.6,804
2025-11-01,A,Lathe,Op3,Steel,Night,0.78,26,4,288.4,759
2025-11-01,B,Milling,Op1,Steel,Day,0.78,16,9,247.7,817
2025-11-01,B,Milling,Op1,Steel,Evening,0.705,31,9,295.0,699
2025-11-01,B,Milling,Op1,Steel,Night,0.7,48,6,299.5,712
2025-11-01,C,Drill,Op1,Plastic,Day,0.855,11,4,294.1,853
2025-11-01,C,Drill,Op1,Plastic,Evening,0.795,29,1,297.2,793
2025-11-01,C,Drill,Op1,Plastic,Night,0.89,6,3,315.6,841
2025-11-02,A,Lathe,Op4,Steel,Day,0.87,12,2,295.4,886
2025-11-02,A,Lathe,Op4,Steel,Evening,0.7,44,3,304.2,631
2025-11-02,A,Lathe,Op4,Steel,Night,0.7,46,3,304.4,730
2025-11-02,B,Milling,Op4,Plastic,Day,0.83,12,6,311.3,831
2025-11-02,B,Milling,Op4,Plastic,Evening,0.815,25,1,346.8,858
2025-11-02,B,Milling,Op4,Plastic,Night,0.725,29,8,283.1,706
2025-11-02,C,Drill,Op1,Plastic,Day,0.815,13,7,268.7,782
2025-11-02,C,Drill,Op1,Plastic,Evening,0.855,15,2,320.6,894
2025-11-02,C,Drill,Op1,Plastic,Night,0.725,37,4,304.2,746
2025-11-03,A,Lathe,Op4,Plastic,Day,0.815,13,7,282.1,810
2025-11-03,A,Lathe,Op4,Plastic,Evening,0.745,27,7,319.0,809
2025-11-03,A,Lathe,Op4,Plastic,Night,0.8,26,2,279.2,796
2025-11-03,B,Milling,Op2,Plastic,Day,0.885,5,4,329.9,899
2025-11-03,B,Milling,Op2,Plastic,Evening,0.7,43,8,287.7,711
2025-11-03,B,Milling,Op2,Plastic,Night,0.845,17,2,301.7,832
2025-11-03,C,Drill,Op4,Steel,Day,0.74,36,3,295.6,753
2025-11-03,C,Drill,Op4,Steel,Evening,0.7,49,3,302.7,721
2025-11-03,C,Drill,Op4,Steel,Night,0.81,26,1,270.7,846
2025-11-04,A,Lathe,Op1,Aluminium,Day,0.76,32,3,301.9,796
2025-11-04,A,Lathe,Op1,Aluminium,Evening,0.71,32,8,286.0,698
2025-11-04,A,Lathe,Op1,Aluminium,Night,0.715,31,8,305.9,724
2025-11-04,B,Milling,Op3,Aluminium,Day,0.81,12,8,338.9,803
2025-11-04,B,Milling,Op3,Aluminium,Evening,0.7,46,7,296.8,714
2025-11-04,B,Milling,Op3,Aluminium,Night,0.7,36,7,281.1,749
2025-11-04,C,Drill,Op1,Aluminium,Day,0.81,16,6,261.6,808
2025-11-04,C,Drill,Op1,Aluminium,Evening,0.845,21,0,298.7,859
2025-11-04,C,Drill,Op1,Aluminium,Night,0.775,27,4,324.7,719
2025-11-05,A,Lathe,Op2,Aluminium,Day,0.7,48,9,322.9,726
2025-11-05,A,Lathe,Op2,Aluminium,Evening,0.795,21,5,328.1,739
2025-11-05,A,Lathe,Op2,Aluminium,Night,0.85,10,5,282.4,853
2025-11-05,B,Milling,Op1,Steel,Day,0.88,10,2,334.1,918
2025-11-05,B,Milling,Op1,Steel,Evening,0.745,23,9,269.0,747
2025-11-05,B,Milling,Op1,Steel,Night,0.71,36,6,310.7,677
2025-11-05,C,Drill,Op4,Plastic,Day,0.77,22,7,292.2,735
2025-11-05,C,Drill,Op4,Plastic,Evening,0.795,29,1,316.3,746
2025-11-05,C,Drill,Op4,Plastic,Night,0.72,30,8,265.8,724
2025-11-06,A,Lathe,Op1,Aluminium,Day,0.83,16,4,305.2,862
2025-11-06,A,Lathe,Op1,Aluminium,Evening,0.805,13,8,326.0,770
2025-11-06,A,Lathe,Op1,Aluminium,Night,0.885,7,3,305.0,900
2025-11-06,B,Milling,Op4,Plastic,Day,0.86,12,3,304.5,896
2025-11-06,B,Milling,Op4,Plastic,Evening,0.7,39,8,303.5,657
2025-11-06,B,Milling,Op4,Plastic,Night,0.7,39,8,273.4,699
2025-11-06,C,Drill,Op4,Plastic,Day,0.915,7,0,308.4,828
2025-11-06,C,Drill,Op4,Plastic,Evening,0.76,26,6,310.8,703
2025-11-06,C,Drill,Op4,Plastic,Night,0.72,42,2,305.5,749
2025-11-07,A,Lathe,Op2,Steel,Day,0.78,34,0,294.7,886
2025-11-07,A,Lathe,Op2,Steel,Evening,0.885,9,2,329.6,902
2025-11-07,A,Lathe,Op2,Steel,Night,0.805,21,4,306.5,825
2025-11-07,B,Milling,Op1,Steel,Day,0.755,35,2,281.0,732
2025-11-07,B,Milling,Op1,Steel,Evening,0.745,37,2,304.3,698
2025-11-07,B,Milling,Op1,Steel,Night,0.725,35,5,312.6,788
2025-11-07,C,Drill,Op4,Aluminium,Day,0.72,36,5,273.9,692
2025-11-07,C,Drill,Op4,Aluminium,Evening,0.71,46,1,317.7,694
2025-11-07,C,Drill,Op4,Aluminium,Night,0.835,13,5,272.4,795
2025-11-08,A,Lathe,Op3,Aluminium,Day,0.745,39,1,310.3,888
2025-11-08,A,Lathe,Op3,Aluminium,Evening,0.7,49,3,326.6,734
2025-11-08,A,Lathe,Op3,Aluminium,Night,0.83,20,2,276.9,767
2025-11-08,B,Milling,Op2,Plastic,Day,0.8,26,2,346.3,725
2025-11-08,B,Milling,Op2,Plastic,Evening,0.73,26,9,291.7,751
2025-11-08,B,Milling,Op2,Plastic,Night,0.7,46,5,307.1,634
2025-11-08,C,Drill,Op1,Steel,Day,0.85,12,4,324.2,843
2025-11-08,C,Drill,Op1,Steel,Evening,0.74,36,3,333.3,712
2025-11-08,C,Drill,Op1,Steel,Night,0.7,44,3,273.8,630
2025-11-09,A,Lathe,Op2,Plastic,Day,0.76,30,4,335.6,734
2025-11-09,A,Lathe,Op2,Plastic,Evening,0.835,5,9,297.7,869
2025-11-09,A,Lathe,Op2,Plastic,Night,0.72,36,5,318.9,765
2025-11-09,B,Milling,Op1,Steel,Day,0.79,20,6,284.2,865
2025-11-09,B,Milling,Op1,Steel,Evening,0.725,33,6,301.7,703
2025-11-09,B,Milling,Op1,Steel,Night,0.7,41,5,308.9,727
2025-11-09,C,Drill,Op4,Aluminium,Day,0.76,30,4,274.1,756
2025-11-09,C,Drill,Op4,Aluminium,Evening,0.74,34,4,332.6,687
2025-11-09,C,Drill,Op4,Aluminium,Night,0.875,9,3,297.4,854
2025-11-10,A,Lathe,Op2,Plastic,Day,0.77,36,0,338.7,785
2025-11-10,A,Lathe,Op2,Plastic,Evening,0.78,20,7,306.9,816
2025-11-10,A,Lathe,Op2,Plastic,Night,0.76,24,7,315.0,828
2025-11-10,B,Milling,Op1,Steel,Day,0.7,47,4,322.7,715
2025-11-10,B,Milling,Op1,Steel,Evening,0.7,44,9,286.6,669
2025-11-10,B,Milling,Op1,Steel,Night,0.86,16,1,302.2,841
2025-11-10,C,Drill,Op3,Steel,Day,0.73,30,7,331.1,694
2025-11-10,C,Drill,Op3,Steel,Evening,0.74,38,2,287.6,726
2025-11-10,C,Drill,Op3,Steel,Night,0.7,49,7,316.3,722
2025-11-11,A,Lathe,Op1,Aluminium,Day,0.7,41,8,337.4,759
2025-11-11,A,Lathe,Op1,Aluminium,Evening,0.725,39,3,325.6,703
2025-11-11,A,Lathe,Op1,Aluminium,Night,0.75,28,6,331.1,733
2025-11-11,B,Milling,Op1,Plastic,Day,0.725,45,0,293.5,842
2025-11-11,B,Milling,Op1,Plastic,Evening,0.755,29,5,288.2,743
2025-11-11,B,Milling,Op1,Plastic,Night,0.7,40,8,291.8,734
2025-11-11,C,Drill,Op4,Aluminium,Day,0.745,35,3,338.2,784
2025-11-11,C,Drill,Op4,Aluminium,Evening,0.885,9,2,322.5,979
2025-11-11,C,Drill,Op4,Aluminium,Night,0.795,25,3,336.3,811
2025-11-12,A,Lathe,Op3,Steel,Day,0.79,14,9,283.6,799
2025-11-12,A,Lathe,Op3,Steel,Evening,0.825,11,7,290.6,834
2025-11-12,A,Lathe,Op3,Steel,Night,0.7,41,5,323.1,683
2025-11-12,B,Milling,Op3,Plastic,Day,0.775,29,3,326.5,738
2025-11-12,B,Milling,Op3,Plastic,Evening,0.785,23,5,279.6,817
2025-11-12,B,Milling,Op3,Plastic,Night,0.775,23,6,268.3,758
2025-11-12,C,Drill,Op2,Aluminium,Day,0.76,24,7,306.5,728
2025-11-12,C,Drill,Op2,Aluminium,Evening,0.905,5,2,309.9,909
2025-11-12,C,Drill,Op2,Aluminium,Night,0.735,29,7,248.7,776
2025-11-13,A,Lathe,Op2,Steel,Day,0.73,36,4,296.6,740
2025-11-13,A,Lathe,Op2,Steel,Evening,0.805,23,3,286.0,766
2025-11-13,A,Lathe,Op2,Steel,Night,0.885,5,4,282.1,952
2025-11-13,B,Milling,Op3,Steel,Day,0.785,15,9,343.8,753
2025-11-13,B,Milling,Op3,Steel,Evening,0.8,12,9,296.8,745
2025-11-13,B,Milling,Op3,Steel,Night,0.75,32,4,306.8,820
2025-11-13,C,Drill,Op1,Steel,Day,0.81,24,2,314.8,869
2025-11-13,C,Drill,Op1,Steel,Evening,0.83,6,9,323.6,810
2025-11-13,C,Drill,Op1,Steel,Night,0.77,36,0,327.4,743
2025-11-14,A,Lathe,Op1,Aluminium,Day,0.795,31,0,297.7,844
2025-11-14,A,Lathe,Op1,Aluminium,Evening,0.755,39,0,306.8,827
2025-11-14,A,Lathe,Op1,Aluminium,Night,0.855,9,5,303.3,889
2025-11-14,B,Milling,Op1,Steel,Day,0.79,14,9,273.0,764
2025-11-14,B,Milling,Op1,Steel,Evening,0.885,13,0,302.4,907
2025-11-14,B,Milling,Op1,Steel,Night,0.925,5,0,230.4,912
2025-11-14,C,Drill,Op3,Plastic,Day,0.87,16,0,341.2,946
2025-11-14,C,Drill,Op3,Plastic,Evening,0.7,34,8,288.7,788
2025-11-14,C,Drill,Op3,Plastic,Night,0.775,27,4,329.8,809
2025-11-15,A,Lathe,Op3,Plastic,Day,0.73,42,1,321.2,665
2025-11-15,A,Lathe,Op3,Plastic,Evening,0.76,34,2,294.6,787
2025-11-15,A,Lathe,Op3,Plastic,Night,0.74,42,0,290.3,789
2025-11-15,B,Milling,Op3,Aluminium,Day,0.805,21,4,296.1,862
2025-11-15,B,Milling,Op3,Aluminium,Evening,0.755,21,9,302.6,736
2025-11-15,B,Milling,Op3,Aluminium,Night,0.9,6,2,256.5,991
2025-11-15,C,Drill,Op4,Plastic,Day,0.825,15,5,281.8,848
2025-11-15,C,Drill,Op4,Plastic,Evening,0.84,8,7,319.9,830
2025-11-15,C,Drill,Op4,Plastic,Night,0.785,31,1,272.7,804
2025-11-16,A,Lathe,Op1,Steel,Day,0.75,22,9,297.9,711
2025-11-16,A,Lathe,Op1,Steel,Evening,0.79,30,1,292.5,757
2025-11-16,A,Lathe,Op1,Steel,Night,0.715,31,8,299.2,682
2025-11-16,B,Milling,Op2,Plastic,Day,0.78,34,0,317.0,755
2025-11-16,B,Milling,Op2,Plastic,Evening,0.725,39,3,289.1,680
2025-11-16,B,Milling,Op2,Plastic,Night,0.73,26,9,303.8,788
2025-11-16,C,Drill,Op2,Steel,Day,0.73,30,7,308.0,701
2025-11-16,C,Drill,Op2,Steel,Evening,0.805,27,1,330.5,706
2025-11-16,C,Drill,Op2,Steel,Night,0.775,19,8,284.6,797
2025-11-17,A,Lathe,Op3,Steel,Day,0.785,21,6,301.5,750
2025-11-17,A,Lathe,Op3,Steel,Evening,0.805,29,0,293.0,720
2025-11-17,A,Lathe,Op3,Steel,Night,0.86,14,2,294.0,953
2025-11-17,B,Milling,Op4,Plastic,Day,0.81,26,1,341.7,866
2025-11-17,B,Milling,Op4,Plastic,Evening,0.7,48,2,269.5,660
2025-11-17,B,Milling,Op4,Plastic,Night,0.79,30,1,299.8,725
2025-11-17,C,Drill,Op2,Steel,Day,0.725,37,4,287.0,707
2025-11-17,C,Drill,Op2,Steel,Evening,0.805,15,7,249.9,832
2025-11-17,C,Drill,Op2,Steel,Night,0.7,40,7,295.2,668
2025-11-18,A,Lathe,Op4,Plastic,Day,0.86,8,5,299.8,879
2025-11-18,A,Lathe,Op4,Plastic,Evening,0.72,42,2,311.3,749
2025-11-18,A,Lathe,Op4,Plastic,Night,0.805,15,7,324.8,801
2025-11-18,B,Milling,Op1,Aluminium,Day,0.75,30,5,281.8,773
2025-11-18,B,Milling,Op1,Aluminium,Evening,0.83,24,0,336.9,841
2025-11-18,B,Milling,Op1,Aluminium,Night,0.81,18,5,277.2,820
2025-11-18,C,Drill,Op4,Steel,Day,0.7,47,2,297.0,685
2025-11-18,C,Drill,Op4,Steel,Evening,0.84,14,4,320.1,815
2025-11-18,C,Drill,Op4,Steel,Night,0.885,5,4,347.8,858
2025-11-19,A,Lathe,Op3,Aluminium,Day,0.775,35,0,309.0,799
2025-11-19,A,Lathe,Op3,Aluminium,Evening,0.82,18,4,303.4,823
2025-11-19,A,Lathe,Op3,Aluminium,Night,0.85,16,2,301.7,843
2025-11-19,B,Milling,Op2,Steel,Day,0.81,12,8,315.3,835
2025-11-19,B,Milling,Op2,Steel,Evening,0.715,39,4,288.5,690
2025-11-19,B,Milling,Op2,Steel,Night,0.77,18,9,294.5,793
2025-11-19,C,Drill,Op2,Steel,Day,0.77,22,7,335.4,754
2025-11-19,C,Drill,Op2,Steel,Evening,0.75,36,2,314.2,832
2025-11-19,C,Drill,Op2,Steel,Night,0.855,19,0,306.5,845
2025-11-20,A,Lathe,Op3,Aluminium,Day,0.82,18,4,304.7,851
2025-11-20,A,Lathe,Op3,Aluminium,Evening,0.85,10,5,324.3,812
2025-11-20,A,Lathe,Op3,Aluminium,Night,0.7,46,3,310.2,743
2025-11-20,B,Milling,Op4,Aluminium,Day,0.705,43,3,319.4,730
2025-11-20,B,Milling,Op4,Aluminium,Evening,0.735,37,3,330.2,749
2025-11-20,B,Milling,Op4,Aluminium,Night,0.88,14,0,301.7,838
2025-11-20,C,Drill,Op3,Steel,Day,0.78,28,3,325.7,762
2025-11-20,C,Drill,Op3,Steel,Evening,0.875,9,3,319.3,917
2025-11-20,C,Drill,Op3,Steel,Night,0.755,35,2,308.3,825
